<?xml version="1.0" encoding="UTF-8"?>
<GenRun Id="impl_1" LaunchPart="xc7z020clg484-1" LaunchTime="1608644677">
  <File Type="ROUTE-PWR" Name="blinker_power_routed.rpt"/>
  <File Type="PA-TCL" Name="blinker.tcl"/>
  <File Type="ROUTE-PWR-SUM" Name="blinker_power_summary_routed.pb"/>
  <File Type="REPORTS-TCL" Name="blinker_reports.tcl"/>
  <File Type="BITSTR-MSK" Name="blinker.msk"/>
  <File Type="ROUTE-CLK" Name="blinker_clock_utilization_routed.rpt"/>
  <File Type="RDI-RDI" Name="blinker.vdi"/>
  <File Type="BG-BIT" Name="blinker.bit"/>
  <File Type="BG-DRC" Name="blinker.drc"/>
  <File Type="BG-BGN" Name="blinker.bgn"/>
  <File Type="BG-BIN" Name="blinker.bin"/>
  <File Type="BITSTR-RBT" Name="blinker.rbt"/>
  <File Type="BITSTR-NKY" Name="blinker.nky"/>
  <File Type="BITSTR-BMM" Name="blinker_bd.bmm"/>
  <File Type="ROUTE-METHODOLOGY-DRC" Name="blinker_methodology_drc_routed.rpt"/>
  <File Type="BITSTR-MMI" Name="blinker.mmi"/>
  <File Type="BITSTR-SYSDEF" Name="blinker.sysdef"/>
  <File Type="BITSTR-LTX" Name="debug_nets.ltx"/>
  <File Type="BITSTR-LTX" Name="blinker.ltx"/>
  <File Type="WBT-USG" Name="usage_statistics_webtalk.html"/>
  <File Type="OPT-DRC" Name="blinker_drc_opted.rpt"/>
  <File Type="OPT-HWDEF" Name="blinker.hwdef"/>
  <File Type="PLACE-IO" Name="blinker_io_placed.rpt"/>
  <File Type="PLACE-UTIL" Name="blinker_utilization_placed.rpt"/>
  <File Type="PLACE-UTIL-PB" Name="blinker_utilization_placed.pb"/>
  <File Type="PLACE-CTRL" Name="blinker_control_sets_placed.rpt"/>
  <File Type="PLACE-PRE-SIMILARITY" Name="blinker_incremental_reuse_pre_placed.rpt"/>
  <File Type="ROUTE-DRC" Name="blinker_drc_routed.rpt"/>
  <File Type="ROUTE-DRC-PB" Name="blinker_drc_routed.pb"/>
  <File Type="ROUTE-PWR-RPX" Name="blinker_power_routed.rpx"/>
  <File Type="ROUTE-STATUS" Name="blinker_route_status.rpt"/>
  <File Type="ROUTE-STATUS-PB" Name="blinker_route_status.pb"/>
  <File Type="ROUTE-DCP" Name="blinker_routed.dcp"/>
  <File Type="ROUTE-ERROR-DCP" Name="blinker_routed_error.dcp"/>
  <File Type="ROUTE-BLACKBOX-DCP" Name="blinker_routed_bb.dcp"/>
  <File Type="ROUTE-TIMINGSUMMARY" Name="blinker_timing_summary_routed.rpt"/>
  <File Type="ROUTE-TIMING-PB" Name="blinker_timing_summary_routed.pb"/>
  <File Type="ROUTE-TIMING-RPX" Name="blinker_timing_summary_routed.rpx"/>
  <File Type="ROUTE-BUS-SKEW" Name="blinker_bus_skew_routed.rpt"/>
  <File Type="ROUTE-BUS-SKEW-PB" Name="blinker_bus_skew_routed.pb"/>
  <File Type="ROUTE-BUS-SKEW-RPX" Name="blinker_bus_skew_routed.rpx"/>
  <File Type="OPT-DCP" Name="blinker_opt.dcp"/>
  <File Type="PLACE-DCP" Name="blinker_placed.dcp"/>
  <File Type="PWROPT-DCP" Name="blinker_pwropt.dcp"/>
  <File Type="POSTPLACE-PWROPT-DCP" Name="blinker_postplace_pwropt.dcp"/>
  <File Type="PHYSOPT-DCP" Name="blinker_physopt.dcp"/>
  <File Type="POSTROUTE-PHYSOPT-DCP" Name="blinker_postroute_physopt.dcp"/>
  <File Type="POSTROUTE-PHYSOPT-BLACKBOX-DCP" Name="blinker_postroute_physopt_bb.dcp"/>
  <File Type="ROUTE-METHODOLOGY-DRC-PB" Name="blinker_methodology_drc_routed.pb"/>
  <File Type="ROUTE-DRC-RPX" Name="blinker_drc_routed.rpx"/>
  <File Type="ROUTE-METHODOLOGY-DRC-RPX" Name="blinker_methodology_drc_routed.rpx"/>
  <File Type="PDI-FILE" Name="blinker.pdi"/>
  <File Type="RCFI_FILE" Name="blinker.rcfi"/>
  <File Type="CFI_FILE" Name="blinker.cfi"/>
  <File Type="RNPI_FILE" Name="blinker.rnpi"/>
  <File Type="NPI_FILE" Name="blinker.npi"/>
  <File Type="RBD_FILE" Name="blinker.rbd"/>
  <FileSet Name="sources" Type="DesignSrcs" RelSrcDir="$PSRCDIR/sources_1" RelGenDir="$PGENDIR/sources_1">
    <Filter Type="Srcs"/>
    <File Path="$PSRCDIR/sources_1/imports/2_hierarchy/blinker.v">
      <FileInfo>
        <Attr Name="ImportPath" Val="F:/WORKSPACE/Python/ESL/ESL/2_hierarchy/blinker.v"/>
        <Attr Name="ImportTime" Val="1608644597"/>
        <Attr Name="UsedIn" Val="synthesis"/>
        <Attr Name="UsedIn" Val="implementation"/>
        <Attr Name="UsedIn" Val="simulation"/>
      </FileInfo>
    </File>
    <Config>
      <Option Name="DesignMode" Val="RTL"/>
      <Option Name="TopModule" Val="blinker"/>
      <Option Name="TopAutoSet" Val="TRUE"/>
    </Config>
  </FileSet>
  <FileSet Name="constrs_in" Type="Constrs" RelSrcDir="$PSRCDIR/constrs_1">
    <Filter Type="Constrs"/>
    <File Path="$PSRCDIR/constrs_1/new/hierarchy.xdc">
      <FileInfo>
        <Attr Name="ImportPath" Val="F:/WORKSPACE/Python/ESL/2_hierarchy/2_hierarchy.srcs/constrs_1/new/hierarchy.xdc"/>
        <Attr Name="ImportTime" Val="1608644667"/>
        <Attr Name="UsedIn" Val="synthesis"/>
        <Attr Name="UsedIn" Val="implementation"/>
      </FileInfo>
    </File>
    <Config>
      <Option Name="TargetConstrsFile" Val="$PSRCDIR/constrs_1/new/hierarchy.xdc"/>
      <Option Name="ConstrsType" Val="XDC"/>
    </Config>
  </FileSet>
  <FileSet Name="utils" Type="Utils" RelSrcDir="$PSRCDIR/utils_1">
    <Filter Type="Utils"/>
    <Config>
      <Option Name="TopAutoSet" Val="TRUE"/>
    </Config>
  </FileSet>
  <Strategy Version="1" Minor="2">
    <StratHandle Name="Vivado Implementation Defaults" Flow="Vivado Implementation 2020"/>
    <Step Id="init_design"/>
    <Step Id="opt_design"/>
    <Step Id="power_opt_design"/>
    <Step Id="place_design"/>
    <Step Id="post_place_power_opt_design"/>
    <Step Id="phys_opt_design"/>
    <Step Id="route_design"/>
    <Step Id="post_route_phys_opt_design"/>
    <Step Id="write_bitstream"/>
    <Step Id="write_device_image"/>
  </Strategy>
</GenRun>
