<?xml version="1.0" encoding="UTF-8"?>
<GenRun Id="synth_1" LaunchPart="xc7z020clg484-1" LaunchTime="1608629133">
  <File Type="PA-TCL" Name="blinker.tcl"/>
  <File Type="REPORTS-TCL" Name="blinker_reports.tcl"/>
  <File Type="RDS-RDS" Name="blinker.vds"/>
  <File Type="RDS-UTIL" Name="blinker_utilization_synth.rpt"/>
  <File Type="RDS-UTIL-PB" Name="blinker_utilization_synth.pb"/>
  <File Type="RDS-DCP" Name="blinker.dcp"/>
  <FileSet Name="sources" Type="DesignSrcs" RelSrcDir="$PSRCDIR/sources_1" RelGenDir="$PGENDIR/sources_1">
    <Filter Type="Srcs"/>
    <File Path="$PSRCDIR/sources_1/imports/1_blinker/blinker.v">
      <FileInfo>
        <Attr Name="ImportPath" Val="F:/WORKSPACE/Python/ESL/pygmyhdl/examples/1_blinker/blinker.v"/>
        <Attr Name="ImportTime" Val="1608621344"/>
        <Attr Name="UsedIn" Val="synthesis"/>
        <Attr Name="UsedIn" Val="implementation"/>
        <Attr Name="UsedIn" Val="simulation"/>
      </FileInfo>
    </File>
    <Config>
      <Option Name="DesignMode" Val="RTL"/>
      <Option Name="TopModule" Val="blinker"/>
      <Option Name="TopAutoSet" Val="TRUE"/>
    </Config>
  </FileSet>
  <FileSet Name="constrs_in" Type="Constrs" RelSrcDir="$PSRCDIR/constrs_1">
    <Filter Type="Constrs"/>
    <File Path="$PSRCDIR/constrs_1/new/pinout.xdc">
      <FileInfo>
        <Attr Name="ImportPath" Val="F:/WORKSPACE/Python/ESL/1_blinker/1_blinker/1_blinker.srcs/constrs_1/new/pinout.xdc"/>
        <Attr Name="ImportTime" Val="1608629132"/>
        <Attr Name="UsedIn" Val="synthesis"/>
        <Attr Name="UsedIn" Val="implementation"/>
      </FileInfo>
    </File>
    <Config>
      <Option Name="TargetConstrsFile" Val="$PSRCDIR/constrs_1/new/pinout.xdc"/>
      <Option Name="ConstrsType" Val="XDC"/>
    </Config>
  </FileSet>
  <FileSet Name="utils" Type="Utils" RelSrcDir="$PSRCDIR/utils_1">
    <Filter Type="Utils"/>
    <Config>
      <Option Name="TopAutoSet" Val="TRUE"/>
    </Config>
  </FileSet>
  <Strategy Version="1" Minor="2">
    <StratHandle Name="Vivado Synthesis Defaults" Flow="Vivado Synthesis 2020"/>
    <Step Id="synth_design"/>
  </Strategy>
</GenRun>
